id;persona_name;security_group_name
1;Ergonomic contextually-based Trace;Avon Illinois uniform
2;architectures;Benin Future portals
3;Berkshire Pennsylvania;bypassing synergistic Congolese Franc
4;Games Investment Account connect;Front-line Small Granite Chips
5;Practical Fresh Gloves Implementation Louisiana;Consultant pixel
6;disintermediate channels;bandwidth-monitored Unbranded
7;Gorgeous Rubber Swaziland;CFP Franc
8;withdrawal indexing;Representative Granite
9;generating;initiative
10;Personal Loan Account;e-tailers Keyboard withdrawal
